{
  "2025\u5e7412\u6708\u5c24\u5170\u8fbe\u7684\u82b1\u540d\u518c.xlsx": 1766720707.9588718,
  "~$2025\u5e7412\u6708\u5c24\u5170\u8fbe\u7684\u82b1\u540d\u518c.xlsx": 1769766347.394577,
  "\u5728\u901420251126-20251225.xls": 1769678711.6062589,
  "\u643a\u7a0b20251126-20251225.xlsx": 1769678713.1800406,
  "\u963f\u91cc20251125-20251224.xlsx": 1769678712.5193758
}